,job,company,ssn,residence,current_location,blood_group,website,username,name,sex,address,mail,birthdate
0,Phytotherapist,Blanchard Group,445-80-8798,"Unit 6898 Box 1300
DPO AP 63047","(Decimal('23.4048005'), Decimal('-91.791760'))",AB-,['http://tucker.com/'],porterjohnny,Tina Gutierrez,F,"0291 Sawyer Spring
West Thomas, ND 49621",gbriggs@yahoo.com,1976-10-11
1,Fisheries officer,Roberts-Peterson,530-69-7878,"895 Hannah Junctions Apt. 799
Brownview, PA 03226","(Decimal('63.2025855'), Decimal('3.971507'))",AB-,"['https://www.baldwin.com/', 'http://www.hill.org/', 'http://bowman.net/', 'https://malone.com/']",alexandra50,Ashley Morales,F,"22899 Rasmussen Drive Suite 443
Scotttown, MO 57743",kaitlyn35@hotmail.com,1991-12-07
2,"Nurse, mental health","Aguilar, Brown and Herman",856-84-0355,"PSC 5610, Box 5255
APO AE 27560","(Decimal('65.528132'), Decimal('-90.268552'))",AB-,['http://www.costa.net/'],bobbyrivera,Nicole Smith,F,"USNS Moore
FPO AP 99417",daniel94@gmail.com,1997-10-28
3,Private music teacher,Robertson-Owens,006-83-5895,"448 Zachary Courts Apt. 780
East Johnborough, NE 34168","(Decimal('-68.700286'), Decimal('50.115327'))",AB+,['https://www.brown.com/'],wademark,Nicole Brown,F,"72832 Collins Forge
Rossstad, DE 49299",walkerdeborah@yahoo.com,1936-12-14
4,English as a foreign language teacher,Mckinney-Strickland,176-15-7428,"27275 Webster Pine
New Yvonnetown, ND 96874","(Decimal('-53.8728845'), Decimal('66.597137'))",A+,"['https://bass-washington.com/', 'https://hunter.net/', 'https://www.pierce.com/']",elizabethcosta,Lance Morris,M,"030 Reese Drive
Cruzberg, IN 45848",cpitts@hotmail.com,2000-11-04
5,Health visitor,Hernandez Ltd,341-74-7271,"048 Gates Junctions
New Casey, CO 14261","(Decimal('6.264018'), Decimal('-155.289771'))",AB+,"['https://www.green-willis.net/', 'http://www.thompson-blackburn.com/', 'https://www.brennan.net/', 'https://www.turner.com/']",scottgonzalez,Arthur Nelson,M,"068 Sanders Gardens Suite 611
Sampsonchester, HI 05689",crystalpollard@yahoo.com,2012-04-24
6,"Geologist, wellsite",Weaver-Caldwell,832-56-1293,"13343 Griffin Track
North Anthonyton, AL 82783","(Decimal('-66.4045045'), Decimal('-127.078829'))",A-,"['https://www.williams.biz/', 'http://www.peterson-morrison.biz/', 'https://williams.biz/']",shanevargas,Alexis Wright,F,"9851 Spence Junction Suite 665
Michaelport, PA 86415",petersonrodney@yahoo.com,1982-12-19
7,Aid worker,Tucker-Morrison,164-91-7203,"53282 Parker Hills
Williamborough, GU 88190","(Decimal('-88.1564025'), Decimal('84.312261'))",O-,"['http://navarro.net/', 'https://may-wilson.net/']",sgonzalez,Stephanie Williams,F,"161 Arthur Rest Apt. 413
Port Latashatown, VI 44188",nicole87@yahoo.com,1987-05-01
8,Forest/woodland manager,"Moore, Jones and Holland",609-38-8257,"153 Torres Squares Suite 145
Brooksville, CA 67748","(Decimal('55.3609195'), Decimal('95.583472'))",A-,['https://www.hill-jones.com/'],matthew52,Sharon Burton,F,"512 Richards Forest Apt. 396
Carrillotown, ME 54738",michaelshepard@hotmail.com,1914-10-15
9,Environmental education officer,Jones PLC,694-80-8245,"11530 Kelly Mountain
North Mistytown, NY 79272","(Decimal('44.9631225'), Decimal('-99.751308'))",A+,"['http://andrade.com/', 'https://www.henderson.com/', 'https://www.cummings.com/']",aanderson,Kathy Cline,F,"28344 Maureen Isle Apt. 671
Port Stephanie, MP 03533",miguel97@hotmail.com,2001-07-07
10,Freight forwarder,Flores and Sons,012-45-3151,"PSC 1360, Box 5546
APO AA 19706","(Decimal('-33.8156555'), Decimal('52.474756'))",O-,['https://peterson.com/'],nharris,Richard Ward,M,"Unit 8395 Box 5914
DPO AA 01606",sandra32@hotmail.com,1981-02-18
11,Research scientist (medical),"Jackson, Perkins and Friedman",880-78-1294,"PSC 7259, Box 2290
APO AE 75657","(Decimal('-17.326321'), Decimal('132.659369'))",A+,"['https://wilson-adams.info/', 'https://bowman-banks.biz/', 'http://www.osborn.info/', 'http://perez-stevens.com/']",campbelljonathan,Vanessa Rivera,F,"3941 Shannon Hollow
Stephanieville, NH 49329",nashkayla@yahoo.com,1995-10-30
12,"Conservation officer, historic buildings",Rogers Ltd,051-89-4785,"7943 Paul Port Apt. 301
Andreachester, VT 94584","(Decimal('40.6310915'), Decimal('175.630523'))",B-,"['https://www.hunter.biz/', 'http://www.newton.com/', 'https://www.rogers-gonzalez.biz/']",leesarah,Sherry Mendoza,F,"6904 Amber Mountain
West Kennethville, GU 84669",pamela44@yahoo.com,2018-10-21
13,Chartered certified accountant,Boone and Sons,366-49-3348,"1668 Robert Haven
West Shawn, AS 67730","(Decimal('48.8209065'), Decimal('77.768368'))",O+,"['https://www.griffin.com/', 'http://serrano.com/', 'http://shaffer-thomas.info/', 'http://www.nicholson-anderson.com/']",ogrant,Shawn Taylor,M,"252 Arellano Parkway
Rodriguezfurt, LA 12989",eric47@gmail.com,2018-10-16
14,"Designer, television/film set","Cox, Hawkins and Morgan",618-51-0197,"723 Olivia Tunnel Apt. 534
Port Ryantown, PA 80365","(Decimal('67.070696'), Decimal('27.341698'))",O+,"['https://jackson.com/', 'https://www.garcia.biz/', 'http://stone-fowler.com/', 'http://www.garcia-mitchell.com/']",hartjacqueline,Janet Bernard PhD,F,"92485 Wheeler Route
Gallowayport, AZ 63508",dawn17@hotmail.com,1995-05-24
15,"Geologist, wellsite",Young PLC,046-38-2164,"202 Richardson Glen Suite 937
Daveborough, TN 33349","(Decimal('-46.2150085'), Decimal('-62.863602'))",AB-,"['http://www.harrell.com/', 'https://morgan-chavez.biz/', 'http://murphy.info/', 'https://www.matthews.info/']",allenkevin,Sandra Simmons,F,"7252 Carr Plaza
Kathymouth, DC 57375",william03@hotmail.com,1916-05-16
16,"Production assistant, television",Williams-Gomez,602-62-6769,"1804 Rachel Highway
Luisshire, IN 49968","(Decimal('23.626049'), Decimal('-149.959597'))",A-,"['https://rogers.biz/', 'https://www.cooper-adkins.biz/', 'https://www.roberts-guerrero.info/', 'http://cole.com/']",kevin71,Mary Weiss,F,"7083 Murillo Oval Apt. 360
New Karenstad, VI 53520",vbishop@yahoo.com,1968-01-08
17,"Pharmacist, community","Odonnell, Hall and Campbell",419-11-4327,"4851 Montgomery Forges Apt. 407
Singhfurt, PW 69151","(Decimal('-20.2022665'), Decimal('13.062213'))",A-,['http://werner.info/'],melissa60,Tommy Jones,M,"47929 Parker Mountain
South Danielleburgh, VT 10631",tonya60@gmail.com,1959-05-26
18,Chief Technology Officer,Patterson-Frey,757-27-6848,"73210 David Manors
Castilloland, NV 73360","(Decimal('-77.402731'), Decimal('-118.777684'))",A+,"['http://www.matthews.org/', 'http://aguilar.com/']",gardnerjoshua,Ryan Chase,M,"6406 Eaton Junctions Apt. 296
Sandershaven, TN 49092",aaronbauer@hotmail.com,1964-04-03
19,Systems analyst,Little-Hall,544-90-2213,"USNS Sanchez
FPO AP 63552","(Decimal('16.0268735'), Decimal('60.901507'))",A-,"['http://williamson.com/', 'http://newman.org/']",torresjennifer,Shawn Russell,M,"PSC 8148, Box 9560
APO AE 01714",cheryl49@gmail.com,1979-11-15
20,"Editor, film/video",Taylor Group,543-75-4264,"28938 Melton Greens Apt. 703
Annmouth, ID 86494","(Decimal('-19.0846045'), Decimal('12.474218'))",AB-,['https://www.brown.com/'],jmcbride,Steven Garner,M,"72917 Jones Route
South Candace, MD 57365",michael99@hotmail.com,1922-10-27
21,Investment analyst,Knight PLC,263-31-1321,"696 Ana Extension Suite 570
Frederickville, ID 33740","(Decimal('-18.716360'), Decimal('102.503464'))",A-,"['https://www.grant.org/', 'https://www.howard.com/']",virginia74,Stephen Manning,M,"0237 Kari Drives Apt. 968
New Jennifer, LA 70422",jonathangarrison@yahoo.com,1984-07-27
22,Marketing executive,Hicks-Key,190-58-3717,"52026 Cruz Estate
Whiteview, MD 30669","(Decimal('-47.592719'), Decimal('100.699085'))",A-,['http://www.vaughn.com/'],johnsonbrandon,Luis Hammond,M,"68653 Alejandro Underpass
Bartonstad, MO 41873",acalderon@yahoo.com,1942-01-16
23,Solicitor,Jones LLC,851-51-0729,"9106 Stevens Skyway Suite 519
Bergfort, WY 45367","(Decimal('89.206973'), Decimal('-50.979940'))",B+,['https://gentry.info/'],robert78,Jeffery Jensen,M,"634 Angela Turnpike Apt. 725
North James, CT 43656",imccoy@hotmail.com,2002-01-20
24,Control and instrumentation engineer,"Potter, Ray and Watkins",427-26-0566,"759 Lang Knolls
Lake Corey, MA 58331","(Decimal('-25.6999625'), Decimal('102.369935'))",O-,"['http://sweeney.com/', 'http://hicks.net/', 'http://www.friedman.com/', 'https://www.evans.com/']",peter94,Alex Jefferson,M,"56675 James Dam Suite 902
Parkhaven, WV 99917",reedstephanie@yahoo.com,1934-07-25
25,"Physicist, medical","Gutierrez, Olsen and Owen",688-75-7232,"Unit 2250 Box 7086
DPO AE 82799","(Decimal('-43.143297'), Decimal('-138.189383'))",B-,['https://www.gallagher.net/'],kingcharles,Dr. Zachary Romero MD,M,"Unit 5167 Box 1744
DPO AA 59801",elizabeth64@gmail.com,2018-08-30
26,"Engineer, petroleum","Roberts, Black and Garcia",095-27-2125,"54555 William Spur Apt. 169
Aaronland, OK 94818","(Decimal('-23.952219'), Decimal('-71.565558'))",O-,"['https://hopkins-randolph.info/', 'https://www.crawford.com/']",tfleming,Francis Moore,M,"1952 Danielle Passage
Lake James, NH 94303",teresa87@hotmail.com,2008-12-01
27,Pathologist,"Carter, Smith and Davidson",445-02-6381,"8056 Mark Station Suite 465
Bryanton, GA 20297","(Decimal('72.8432475'), Decimal('114.765492'))",O-,"['http://www.martin-hunt.com/', 'https://green-jones.info/', 'https://www.mcdowell-richard.com/', 'http://www.burton-brown.com/']",deborahwong,Heather Velasquez,F,"530 Whitehead Corner
Tonystad, UT 15103",sarah79@gmail.com,1923-10-16
28,Public relations officer,Hicks-Hodges,598-47-2386,"1845 Kelly Extension Suite 724
Floresburgh, FM 14090","(Decimal('36.927026'), Decimal('139.933736'))",B-,"['http://sandoval.com/', 'https://www.ruiz.org/']",michelle61,Sandra Reilly,F,"610 Jeff Heights
South Georgemouth, ME 01119",rhondacain@gmail.com,1986-03-03
29,Academic librarian,Gallagher-Jones,491-18-8676,"334 Ramirez Courts Apt. 028
Lewisview, GU 58121","(Decimal('-57.294295'), Decimal('-139.677073'))",B+,"['https://www.meyers-velez.org/', 'http://www.small.biz/']",cooperstephanie,James Pierce,M,"94222 Weaver Dam Suite 077
Peterville, AS 90946",nicolesmith@hotmail.com,1981-02-14
30,Phytotherapist,Cardenas PLC,261-45-3992,"3742 Wright Estate Suite 032
Watkinsmouth, MH 19292","(Decimal('67.1751835'), Decimal('-149.840788'))",AB-,"['https://www.fleming.com/', 'http://www.price.com/', 'https://santiago.com/']",christophergriffith,Anna Moore,F,"187 Holloway Village
Coryfort, IN 15378",zhenry@hotmail.com,1996-11-08
31,"Journalist, broadcasting",Mcgrath-Fernandez,870-83-5768,"9060 Carrillo Forks
Taylorton, NM 68142","(Decimal('-24.4971445'), Decimal('113.137124'))",A-,"['https://espinoza.org/', 'http://www.taylor.org/', 'https://www.lewis.com/']",wmiller,Joann James,F,"833 Morgan Meadows
Mariafurt, FM 34624",javier20@hotmail.com,1981-12-01
32,Commercial/residential surveyor,Wilson-Kelly,781-14-3977,"9564 Townsend Avenue Suite 960
Floresbury, NC 98410","(Decimal('41.120685'), Decimal('45.914746'))",B+,"['https://bell.com/', 'http://www.miller-rivas.com/', 'https://maxwell.net/']",manderson,Sarah Riley,F,"USCGC Johnson
FPO AP 79888",brian27@hotmail.com,2011-07-21
33,Conference centre manager,Perkins Group,255-56-7177,"8443 Todd Fall
Brianshire, VA 95974","(Decimal('-5.725967'), Decimal('-67.947230'))",O-,"['http://smith-lee.com/', 'http://sanders-wallace.com/', 'http://anthony-watts.com/', 'https://sheppard.com/']",guerreroalicia,Ralph Mitchell,M,"5472 Amanda Road
Port Daniel, ID 71237",lirichard@yahoo.com,1969-06-26
34,Local government officer,Mcintosh and Sons,897-77-3641,"USNS Smith
FPO AP 14539","(Decimal('-45.8313095'), Decimal('104.171584'))",A+,"['http://burke.com/', 'https://www.rodgers-cannon.com/']",keith42,Edward Henry,M,"993 Brenda Light
Brendamouth, HI 99106",sknox@yahoo.com,1908-04-26
35,"Engineer, manufacturing",Harris-Nunez,612-18-7733,"8033 Alicia Cliffs Suite 678
Chadville, MH 36178","(Decimal('-3.439290'), Decimal('55.703301'))",AB-,"['https://www.woods.biz/', 'https://page.net/', 'https://www.smith.biz/']",wburke,Tara Lindsey,F,"866 Katie Prairie
Yateston, WY 40985",ashley39@gmail.com,2004-02-04
36,Quantity surveyor,Brown-Walls,705-58-7936,"3337 Clark Mission
New Kelseytown, LA 13115","(Decimal('7.810234'), Decimal('-114.106396'))",O-,"['http://www.johnson.com/', 'http://www.smith.com/']",stevenburton,Gina Burns,F,"162 Lin Parkway
Cortezburgh, VI 44507",shannon28@yahoo.com,1983-02-16
37,Retail buyer,Castillo Group,446-42-2471,"8253 Wilson Stream
South Matthew, MT 07263","(Decimal('37.293198'), Decimal('173.975143'))",A-,"['http://www.adams.org/', 'http://rodriguez.biz/']",jillianmejia,Sean Leonard,M,"024 Holland Lakes Apt. 376
Corytown, CA 68101",jimenezrodney@gmail.com,2020-10-04
38,Corporate treasurer,Vasquez Inc,710-73-1016,"4058 Alyssa Haven
South Faithstad, LA 30105","(Decimal('-85.1989705'), Decimal('13.021667'))",AB+,['https://www.morrison-frye.com/'],john22,Thomas Robinson,M,"617 Grant Ridge Suite 085
New Larry, CT 84474",kevin17@gmail.com,1953-04-27
39,"Engineer, agricultural",Johnson-Garcia,216-63-2426,"946 Barry Ville
Port Shelley, VT 32522","(Decimal('-86.0243945'), Decimal('-36.716821'))",B-,"['https://goodman-lawrence.com/', 'https://lozano-bowers.org/', 'http://www.robinson.com/', 'https://www.bennett-stephenson.com/']",dprice,Bruce Wolfe,M,"7899 Matthew Fields
West Jeffrey, SC 83822",doris06@gmail.com,1947-07-03
40,Dealer,Martinez Inc,781-74-1539,"895 Ramirez Turnpike
Smithhaven, TX 34647","(Decimal('-23.502337'), Decimal('37.644543'))",A+,"['http://www.sanchez.com/', 'http://www.bruce.net/', 'http://www.klein.com/']",cathyfigueroa,Dennis Jones,M,"1070 Crystal Knolls Apt. 538
South Regina, VT 42183",richardporter@yahoo.com,1995-05-25
41,Meteorologist,"Sanchez, Mason and Hayes",700-30-8546,"884 Kenneth Plaza Suite 855
New Andrewfort, MH 92516","(Decimal('36.343348'), Decimal('-116.212169'))",A+,['https://www.robertson.org/'],romeroalexandra,Amy Serrano,F,"Unit 4358 Box 1343
DPO AP 58261",nguyenann@hotmail.com,1995-04-06
42,Systems analyst,Cunningham Group,129-02-6962,"44559 Sherri Skyway
Lindaport, WV 63702","(Decimal('38.706862'), Decimal('-32.701171'))",AB-,['http://www.kane-gonzalez.org/'],ebaldwin,Stephanie Reynolds,F,"0500 Sanders Gardens
North Deborahberg, VT 02882",jamespeterson@gmail.com,2009-10-20
43,Professor Emeritus,Collins Group,132-98-5352,"10742 Erin Islands
East Maureenport, DE 38423","(Decimal('-43.6844035'), Decimal('40.363471'))",A-,"['https://patton-shelton.com/', 'https://smith-garcia.org/', 'http://www.bradley.org/']",fergusonangela,Jill Bell,F,"872 George Road
Shawchester, SC 95243",pittmanashley@gmail.com,2013-09-13
44,Meteorologist,Poole-Colon,179-32-3215,"113 Taylor Lights
West Brendan, MO 73384","(Decimal('38.104013'), Decimal('-32.415609'))",AB+,"['https://bennett.net/', 'https://smith-garcia.biz/', 'http://www.george.com/']",mikewilliams,Morgan Anderson,F,"210 Blanchard Gateway
East Lauraview, UT 82765",gregorylaura@gmail.com,1948-11-29
45,Geophysical data processor,Griffin Ltd,858-18-2723,"37888 Douglas Fords Suite 175
West Jessicastad, NE 34795","(Decimal('-40.2411195'), Decimal('-1.368421'))",AB+,"['https://cobb-jackson.com/', 'http://www.baker.net/', 'https://fry-calderon.biz/', 'https://www.willis-garcia.info/']",marysandoval,Heather Green,F,"41478 Young Valley Suite 995
Williammouth, WA 83813",chadrodriguez@yahoo.com,1958-05-01
46,Social worker,Acevedo Group,759-10-4034,"26057 Bradley Hill Apt. 382
Garzahaven, FM 86506","(Decimal('39.622251'), Decimal('43.315918'))",O-,"['http://www.cortez.org/', 'http://www.miller.info/']",fhicks,Amanda Bradley,F,"914 Amy Freeway
Michelleberg, IL 08096",michaelwilliams@gmail.com,1927-04-10
47,Production manager,Hansen-Krause,319-02-5302,"277 Morris Turnpike
Lake Angelaberg, WV 88343","(Decimal('-87.280415'), Decimal('-171.131302'))",B-,"['https://www.graham.com/', 'http://morton.com/']",danielle86,Kari Perry,F,"11276 Alexander Highway
Christinaview, KS 21777",brian11@gmail.com,1950-12-10
48,Mudlogger,"Whitehead, Gonzalez and Reynolds",696-01-9807,"7023 Franco Mission
West Emily, OH 62696","(Decimal('-71.483062'), Decimal('-59.147057'))",O+,"['https://www.fleming.com/', 'http://www.keith.net/']",matthewjackson,Bryan Henry,M,"338 Catherine Prairie Suite 403
Port Josemouth, OH 62667",susanvelasquez@yahoo.com,2011-03-20
49,Television floor manager,Bell-Hill,034-72-3223,"24036 White Mall
North David, FM 57205","(Decimal('58.525238'), Decimal('-116.641210'))",O+,['https://www.tanner.biz/'],gibsonseth,Mark Lewis,M,"433 Sanchez Green
Lake Brianshire, MP 29805",jodyruiz@hotmail.com,1943-10-23
